Fase / criterio,Requerimiento del PDF,Estado,Evidencia encontrada en expenses-report,Archivos revisados / referencia,Brecha si no cumple totalmente,Accion recomendada
Revision general,Construir una aplicacion web completa y escalable con Node.js que resuelva una necesidad real.,Si,"La aplicacion es full-stack para finanzas personales: movimientos, cuentas, presupuestos, variaciones real vs presupuesto, dashboard, usuarios y actividad. Backend en Node.js/Express y frontend React.","README.md:1; README.md:42; backend/package.json:14; frontend/package.json:12; se revisaron 133 archivos del proyecto excluyendo .git, node_modules y frontend/dist",,
Avance 1,Inicializar proyecto con npm y package.json.,Si,"Existen package.json para backend y frontend, con scripts de desarrollo, build, start y test.",backend/package.json:5; frontend/package.json:6,,
Avance 1,Instalar paquetes necesarios como Express.,Si,"Backend usa express, cors, dotenv, helmet, rate-limit, jsonwebtoken, bcrypt, mysql2, sequelize, mongoose, swagger y jest/supertest.",backend/package.json:14,,
Avance 1,Crear archivo principal server.js como punto de entrada.,Si,"server.js valida variables de entorno, carga app.js, conecta MongoDB y levanta el servidor en process.env.PORT o 3000.",backend/src/server.js:1; backend/src/server.js:8,,
Avance 1,Configurar servidor basico y verificar respuesta en puerto correcto.,Si,"app.js define Express, ruta raiz con mensaje de API activa y ruta /test-db para prueba de conexion.",backend/src/app.js:19; backend/src/app.js:79; backend/src/app.js:90,,
Avance 1,Explorar y aplicar asincronia / Event Loop en Node.js.,Si,"El backend usa controladores async/await, conexiones asincronas a MySQL/MongoDB y operaciones no bloqueantes de Express.",backend/src/server.js:8; backend/src/controllers/authController.js:36; backend/src/controllers/expensesController.js:113,,
Avance 2,Organizar codigo en modulos para mantenibilidad y escalabilidad.,Si,"El codigo esta separado en routes, controllers, models, middleware, config y utils; frontend tambien esta separado en components, theme y utils.",backend/src/routes; backend/src/controllers; backend/src/models; backend/src/middleware; backend/src/config; backend/src/utils; frontend/src/components; frontend/src/utils,,
Avance 2,Manejar rutas y peticiones HTTP con Express.,Si,"app.js monta rutas para categories, concepts, expenses, accounts, budgets, reports, auth, users, activity y favorite-movements; cada modulo usa express.Router.",backend/src/app.js:67; backend/src/routes/expensesRoutes.js:106; backend/src/routes/accountsRoutes.js:40; backend/src/routes/authRoutes.js:74,,
Avance 2,"Implementar middleware necesario en Express, como manejo de JSON.",Si,"Se usan express.json, cors, helmet, rateLimit, swaggerUi y middlewares de autenticacion/autorizacion.",backend/src/app.js:53; backend/src/app.js:64; backend/src/app.js:66; backend/src/middleware/authMiddleware.js:3,,
Avance 2,Agregar autenticacion.,Si,"Registro y login usan bcrypt para hash de password y JWT para token; las pruebas cubren registro, login y rutas protegidas.",backend/src/controllers/authController.js:62; backend/src/controllers/authController.js:182; backend/tests/auth.test.js:37; backend/tests/auth.test.js:47,,
Avance 2,Agregar autorizacion.,Si,authMiddleware valida Bearer JWT y adminMiddleware restringe rutas administrativas; usersRoutes aplica ambos middlewares.,backend/src/middleware/authMiddleware.js:3; backend/src/middleware/authMiddleware.js:25; backend/src/routes/usersRoutes.js:12,,
Avance 2 / Seguridad,Prevenir ataques comunes como XSS e inyeccion SQL.,Si,"Hay Helmet, CORS allowlist, rate limiting, validadores/sanitizadores, uso de Sequelize/placeholders, pruebas dedicadas de SQLi/XSS y revision de seguridad fechada. Backend tests pasan 8 suites / 51 pruebas.",backend/src/app.js:37; backend/src/app.js:53; backend/src/app.js:54; backend/src/utils/validators.js:65; backend/tests/security.test.js; docs/security-review.md,,Mantener las pruebas de seguridad en CI cuando se agregue pipeline.
Avance 3,Seleccionar e integrar base de datos.,Si,MySQL se usa como fuente relacional principal y MongoDB como almacenamiento complementario de actividad/auditoria.,backend/src/config/db.js:1; backend/src/config/mongo.js:1; backend/src/models/activityLogModel.js:1; docs/architecture.md:52,,
Avance 3,Configurar conexion a base de datos usando ORM/ODM.,Si,Sequelize configura MySQL con pool de conexiones; Mongoose configura MongoDB; mysql2 permanece para consultas parametrizadas existentes.,backend/src/config/sequelize.js:4; backend/src/config/mongo.js:5; backend/package.json:22,,
Avance 3,Crear modelos/esquemas de datos necesarios.,Si,"Existen modelos Sequelize para Account, Budget, Category, Concept, Expense, FavoriteMovement y User; existe schema Mongoose para ActivityLog.",backend/src/models/sequelize/Account.js:1; backend/src/models/sequelize/Expense.js:1; backend/src/models/sequelize/Budget.js:1; backend/src/models/activityLogModel.js:3,,
Avance 3,Realizar consultas CRUD a base de datos.,Si,"Controladores implementan crear, leer, actualizar y eliminar/desactivar para movimientos, cuentas, presupuestos, favoritos y usuarios; pruebas cubren CRUD principal.",backend/src/controllers/expensesController.js:1; backend/src/controllers/accountsController.js:103; backend/tests/expenses.test.js:78; backend/tests/accounts.test.js:47,,
Avance 3,"Preparar entornos de desarrollo, pruebas y produccion.",Si,"Variables por entorno via dotenv/process.env, validacion de variables en produccion y Docker Compose con defaults locales configurables.",backend/src/config/validateEnv.js:3; docker-compose.yml:48; README.md:236; README.md:324,,
Avance 3,Implementar pruebas unitarias y de integracion con Jest/Mocha.,Si,"Jest + Supertest estan configurados y la ejecucion local paso: 7 suites, 46 pruebas.",backend/package.json:8; backend/tests/auth.test.js:1; backend/tests/validation.test.js:119; comando ejecutado: cd backend && npm test,,
Avance 4,Introducir contenedores con Docker.,Si,"Hay Dockerfile de backend, Dockerfile de frontend, nginx.conf y docker-compose con servicios frontend, backend, mysql y mongo, healthchecks y volumenes.",docker-compose.yml:1; backend/Dockerfile; frontend/Dockerfile; frontend/nginx.conf; DOCKER.md:1,,
Avance 4,Transformar la aplicacion en arquitectura de microservicios.,Si,"Se agrego activity-service como microservicio Express independiente para escritura de logs de auditoria en MongoDB, orquestado por Docker Compose y consumido por backend via ACTIVITY_SERVICE_URL con fallback local.",activity-service/src/server.js; activity-service/Dockerfile; docker-compose.yml:38; backend/src/utils/activityLogger.js; docs/activity-service.md,,Mantener auth/finanzas como API principal para reducir riesgo; evolucionar otros dominios solo si la escala lo justifica.
Avance 4,Desplegar microservicios en produccion o preparar despliegue real.,Parcial,"Docker Compose ya incluye activity-service, backend apunta al servicio interno y docker compose config valida la configuracion; la imagen activity-service construye correctamente.",docker-compose.yml; activity-service/Dockerfile; docs/activity-service.md; comando ejecutado: docker compose config; comando ejecutado: docker compose build activity-service,Aun no se ha desplegado esta rama en DigitalOcean ni se ha validado /health en produccion.,Desplegar solo despues de revisar cambios locales del servidor y ejecutar docker compose up --build -d en ventana controlada.
Avance 4,Aplicar estrategias de optimizacion en Node.js/aplicacion.,Parcial,"Se usa pool de Sequelize, limites de consulta, rate limiting y build de produccion con Vite/nginx.",backend/src/config/sequelize.js:12; backend/src/controllers/expensesController.js:17; backend/src/app.js:37; frontend/package.json:8,"El build de frontend genero advertencia de chunk JS mayor a 500 kB. No se encontro caching, compression backend, code splitting, indices documentados o perfilado de consultas.","Implementar code splitting/dynamic import, revisar bundle, agregar compression/caching cuando aplique e incluir revision de indices/consultas."
Avance 4,Monitorear y hacer profiling de la aplicacion.,No,"README lista monitoreo, logging estructurado, dashboards e indices como mejoras futuras.",README.md:383,No se encontraron herramientas o configuracion de monitoreo/profiling en el codigo ni evidencia de ejecucion de profiling.,"Agregar health endpoint, metricas, structured logging, profiling documentado y capturas/resultados."
Avance 4,Utilizar herramientas de debugging para resolver problemas y mejorar la aplicacion.,Parcial,"Existen pruebas, logs controlados y notas de debugging responsive en README.",README.md:367; backend/tests; frontend/src,"No se encontro configuracion formal de debugger, scripts de inspeccion, perfiles o guia reproducible de debugging backend.","Agregar guia de debugging Node --inspect, configuracion VS Code/Chrome DevTools y casos documentados."
Fase final,Integrar todos los componentes para que funcionen cohesivamente.,Si,"Frontend consume API mediante API_BASE_URL/authFetch, backend expone rutas protegidas, Docker orquesta frontend/backend/dbs y las pruebas/build pasan.",frontend/src/utils/api.js; frontend/src/utils/auth.js; backend/src/app.js:67; docker-compose.yml:38; comando ejecutado: cd frontend && npm run build,,
Fase final,"Documentar la aplicacion con documentacion adecuada, comentarios y guias de usuario.",Si,"Hay README completo, DOCKER.md, docs/architecture.md, docs/security-review.md, docs/activity-service.md, Swagger/OpenAPI y una guia de usuario integrada en la app mediante la nueva seccion Ayuda con acordeones por modulo.",README.md:294; DOCKER.md:1; docs/architecture.md:1; docs/security-review.md; docs/activity-service.md; backend/src/config/swagger.js:5; frontend/src/components/HelpPage.jsx; frontend/src/App.jsx,,Mantener la guia actualizada cuando se agreguen nuevos modulos o cambien flujos de usuario.
Fase final,Preparar presentacion o demostracion de la aplicacion completa.,Parcial,"README documenta funcionalidades, URLs locales, stack, arquitectura, seguridad y despliegue; frontend contiene assets visuales.",README.md:30; README.md:70; README.md:174; frontend/src/assets,"No se encontro deck, video, carpeta de screenshots reales ni documento final de presentacion.","Agregar presentacion PDF/PPT, video corto o capturas por modulo."
Entrega semana 5,Entregar codigo en formato texto.,Si,"El repositorio contiene codigo fuente completo backend/frontend, SQL, Docker y documentacion.",rg --files --hidden reporto 133 archivos revisados,,
Entrega semana 5,Entregar imagenes y/o videos donde se vea claramente el resultado.,Parcial,Existen assets de UI y placeholders de screenshots en README.,frontend/src/assets; README.md:30,No hay screenshots reales en docs/screenshots ni videos de demostracion en el repositorio.,Agregar capturas reales desktop/mobile y/o enlace/video de demo.
Entrega semana 5,Crear portafolio de servicios para ofrecer a clientes.,Parcial,"README tiene formato profesional de portafolio tecnico con badges, features, stack, arquitectura, seguridad, pruebas y despliegue.",README.md:1; README.md:70; README.md:357,El PDF final de portafolio/reflexiones no esta incluido; README no reemplaza completamente el documento profesional solicitado.,"Crear documento PDF final con portada, narrativa de servicio, evidencias visuales, reflexiones y argumentacion por avance."
Entrega semana 5,Incluir reflexiones y argumentacion sobre lo hecho en cada avance.,Parcial,README incluye Lessons Learned y PROJECT_STATUS resume avances.,README.md:357; PROJECT_STATUS.md:1,Las reflexiones no estan organizadas fase por fase como pide el PDF integral.,"Agregar seccion por Avance 1-4 y fase final con decisiones, problemas, solucion y aprendizaje."
Entrega semana 5 / Seguridad,"Ejecutar analisis de seguridad, variables y vulnerabilidades despues de integrar el proyecto.",Parcial,"Se agregaron scripts security:audit, se ejecuto npm audit en backend/frontend y se documento el resultado. Frontend quedo en 0 vulnerabilidades; backend conserva 2 moderadas por uuid via Sequelize porque npm solo ofrece fix --force con downgrade rompedor.",backend/package.json:8; frontend/package.json:10; docs/security-review.md; backend/src/config/validateEnv.js:3,Permanece un riesgo moderado transitorio en backend por dependencia de Sequelize/uuid; no se aplico fix --force para no romper el proyecto.,Monitorear actualizacion segura de Sequelize/uuid o aplicar override solo despues de validar compatibilidad.
Rubrica,Implementacion y funcionalidad: fases completas y app funcional sin errores.,Parcial,Backend tests pasaron 7/7 suites y frontend build paso; funcionalidad principal esta implementada.,comando ejecutado: cd backend && npm test; comando ejecutado: cd frontend && npm run build,"Persisten brechas de microservicios estrictos, monitoreo/profiling, evidencia de despliegue/demo y advertencia de bundle grande.",Cerrar brechas documentales/tecnicas antes de entrega final.
Rubrica,"Seguridad y prevencion de ataques: autenticacion, autorizacion y prevencion comun sin vulnerabilidades detectadas.",Parcial,"JWT, bcrypt, admin middleware, Helmet, CORS allowlist, rate limiting, validadores, sanitizacion, pruebas SQLi/XSS y reporte de auditoria estan implementados.",backend/src/controllers/authController.js:62; backend/src/middleware/authMiddleware.js:25; backend/src/app.js:53; backend/src/utils/validators.js:65; backend/tests/security.test.js; docs/security-review.md,Backend npm audit todavia reporta 2 vulnerabilidades moderadas por uuid via Sequelize; el fix automatico requiere --force y downgrade rompedor.,Resolver dependencia vulnerable cuando exista ruta no rompedora; mientras tanto conservar evidencia y pruebas.
Rubrica,"Optimizacion y uso de herramientas avanzadas: microservicios, contenedores, optimizacion, monitoreo, profiling y debugging efectivos.",Parcial,"Contenedores, microservicio de actividad, pool de Sequelize, limites de consulta, pruebas y build funcionan.",docker-compose.yml:1; activity-service/src/server.js; backend/src/config/sequelize.js:12; backend/src/controllers/expensesController.js:17,No hay monitoreo/profiling formal ni optimizacion de bundle; build advierte chunk grande.,Priorizar documentacion de monitoreo/profiling y optimizacion de bundle si hay tiempo.
Rubrica,"Integracion y uso de bases de datos: integracion exitosa, consultas eficientes y manejo adecuado de datos.",Si,"MySQL + Sequelize/mysql2 y MongoDB + Mongoose integrados; modelos y controladores usan validacion, scoping por usuario y actividad.",backend/src/config/sequelize.js:4; backend/src/config/mongo.js:5; backend/src/controllers/accountsController.js:103; backend/src/models/activityLogModel.js:3,,
Rubrica,"Documentacion y presentacion: documentacion completa, guias y demostracion excepcional.",Parcial,"README, DOCKER, arquitectura y Swagger estan presentes.",README.md:1; DOCKER.md:1; docs/architecture.md:1; backend/src/config/swagger.js:5,"Faltan capturas reales, video/deck/demo y PDF integral tipo portafolio solicitado por el PDF.",Completar entregables visuales y PDF final.
